Word,Word_freq
the,912
and,506
a,424
to,399
i,338
of,296
dumplings,274
was,266
is,236
soup,233
in,214
for,191
it,187
with,161
we,159
but,157
they,141
you,139
on,139
this,128
so,124
were,122
are,121
not,113
that,111
as,110
place,95
my,94
good,91
be,90
had,88
at,87
pork,85
have,80
here,80
joe's,79
food,79
there,74
if,71
only,70
wait,65
all,65
get,63
very,63
when,60
their,60
shanghai,60
other,58
just,56
it's,56
also,56
table,55
one,54
from,53
your,53
more,52
our,52
restaurant,52
about,52
new,52
out,51
like,49
which,49
came,47
fried,46
noodles,45
come,45
an,44
service,44
ordered,43
will,42
because,41
me,41
long,41
than,40
order,40
back,40
really,39
location,39
got,37
crab,36
time,36
too,35
definitely,35
i've,34
cash,34
or,34
chinatown,34
can,34
by,34
some,33
up,33
around,32
try,32
much,32
them,32
us,32
has,31
scallion,31
no,30
eat,30
been,30
don't,29
still,29
people,29
well,29
best,28
what,28
i'm,27
would,27
even,27
same,26
chinese,26
delicious,26
before,26
great,25
bao,25
go,25
pretty,25
how,25
sure,25
rice,25
worth,24
xlb,24
seated,24
since,24
sauce,24
after,24
didn't,24
hot,24
meat,23
xiao,23
bit,22
flavor,22
make,22
party,22
better,22
do,21
could,21
coming,21
two,21
probably,21
restaurants,21
dishes,20
you're,20
first,20
line,20
those,20
minutes,20
inside,20
beef,19
wasn't,19
eating,19
these,19
waiting,19
most,19
meal,19
menu,18
being,18
quality,18
wanted,18
its,18
big,18
few,18
tables,18
another,18
taste,18
can't,18
super,18
crispy,18
packed,18
down,17
now,17
overall,17
then,17
i'd,17
any,17
nyc,17
each,17
small,17
pancake,17
though,17
recommend,17
many,16
staff,16
that's,16
large,16
pancakes,16
always,16
huge,16
experience,16
skin,16
tip,16
went,16
take,16
dish,15
old,15
reviews,15
everything,15
nice,15
ones,15
way,15
he,15
group,15
space,15
need,15
know,14
seat,14
did,14
outside,14
places,14
ever,14
said,14
however,14
again,14
orders,14
fast,14
never,13
top,13
vinegar,13
they're,13
times,13
already,13
give,13
tea,13
number,13
say,13
friends,13
into,13
bite,13
bring,13
thing,13
thick,13
noodle,13
who,13
bad,12
put,12
visit,12
little,12
check,12
favorite,12
price,12
took,12
there's,12
flavorful,12
years,12
york,12
over,12
find,12
going,12
getting,12
chicken,12
8,12
salty,12
quick,12
share,12
want,12
2,12
4,12
fan,11
busy,11
isn't,11
lunch,11
lot,11
spot,11
tourist,11
seating,11
waited,11
maybe,11
during,11
street,11
nothing,11
authentic,11
broth,11
okay,11
off,11
start,11
area,11
served,10
shared,10
think,10
called,10
home,10
less,10
friend,10
you'll,10
ask,10
love,10
look,10
night,10
side,10
amazing,10
usually,10
must,10
prepared,10
see,10
while,10
almost,10
saturday,10
prices,10
both,10
honestly,10
enough,10
last,10
hype,10
review,10
amount,10
afternoon,10
city,9
feel,9
things,9
cold,9
bigger,9
else,9
sit,9
right,9
tourists,9
pan,9
pell,9
15%,9
steamed,9
such,9
famous,9
xlbs,9
family,9
used,9
next,9
looks,9
atm,9
lots,9
hard,9
finally,8
asian,8
unless,8
filled,8
enjoyed,8
communal,8
person,8
hit,8
through,8
soon,8
keep,8
din,8
ny,8
until,8
15,8
quickly,8
remember,8
juicy,8
fung,8
might,8
tai,8
dinner,8
tasted,8
tried,8
sharing,8
spoon,8
minute,8
expect,8
solid,8
able,7
flat,7
found,7
yet,7
groups,7
anything,7
bill,7
i'll,7
add,7
why,7
popular,7
total,7
highly,7
pepper,7
especially,7
ready,7
done,7
despite,7
kind,7
pay,7
sat,7
mind,7
changed,7
expected,7
felt,7
impressed,7
once,7
happy,7
left,7
style,7
care,7
saw,7
regular,7
yelp,7
decided,7
end,7
serve,7
note,7
day,7
fresh,7
looking,7
high,7
chewy,7
should,7
ordering,7
hours,7
shrimp,7
water,7
10,7
whole,6
full,6
instead,6
cake,6
taking,6
spicy,6
seafood,6
course,6
decent,6
although,6
perfectly,6
disappointed,6
added,6
without,6
perfect,6
am,6
makes,6
6,6
learn,6
made,6
size,6
wouldn't,6
joe,6
tasty,6
extremely,6
actually,6
stars,6
round,6
told,6
portions,6
looked,6
stop,6
early,6
expectations,6
crowded,6
own,6
dining,6
compared,6
asked,6
locals,6
slightly,6
items,6
different,6
special,6
shanghainese,5
deep,5
recently,5
liked,5
strangers,5
gratuity,5
hole,5
every,5
automatically,5
larger,5
along,5
smell,5
ratio,5
brought,5
bland,5
bamboo,5
gets,5
point,5
nicer,5
5,5
may,5
finish,5
quite,5
front,5
stuff,5
non,5
attention,5
ginger,5
trap,5
between,5
due,5
license,5
texture,5
let,5
comes,5
oily,5
filling,5
trust,5
least,5
decor,5
oil,5
moved,5
thought,5
beans,5
xiaolongbao,5
yourself,5
hour,5
takeout,5
later,5
included,5
wish,5
chopsticks,5
easy,5
businesses,5
customers,5
fairly,5
average,5
something,5
charge,5
having,5
absolutely,5
concern,5
speak,5
clean,5
slow,5
personal,5
friendly,5
alter,5
known,5
remove,5
thicker,5
often,5
wrong,5
spring,5
open,5
true,4
elbow,4
mine,4
preference,4
comfortable,4
soupy,4
recommended,4
kitchen,4
means,4
plain,4
move,4
salt,4
enjoy,4
whatever,4
dropping,4
guess,4
spots,4
myself,4
st,4
thin,4
trying,4
pm,4
server,4
seemed,4
set,4
tell,4
fill,4
passed,4
excellent,4
part,4
manhattan,4
free,4
establishment,4
empty,4
soy,4
easily,4
seems,4
three,4
45,4
leave,4
single,4
weren't,4
3,4
generous,4
return,4
list,4
immediately,4
plate,4
crowd,4
guy,4
drink,4
lol,4
gone,4
rest,4
goto,4
where,4
ate,4
chili,4
wasnt,4
overhyped,4
greeted,4
her,4
szechuan,4
25,4
several,4
normally,4
poke,4
bowery,4
orange,4
sautéed,4
flushing,4
sesame,4
chop,4
cleaner,4
plates,4
original,4
visiting,4
ambiance,4
entree,4
interior,4
w,4
piping,4
far,4
tax,4
trip,4
general,4
located,4
extra,4
brighter,4
dry,4
tons,4
parties,4
shredded,4
fact,4
yes,4
sweet,4
surprised,4
life,4
rich,4
dtf,3
crammed,3
arrived,3
aren't,3
across,3
grab,3
duck,3
overly,3
others,3
portion,3
bunch,3
intimate,3
everyone,3
options,3
sour,3
box,3
hope,3
corner,3
red,3
boyfriend,3
boa,3
cut,3
significant,3
cakes,3
shoot,3
surprisingly,3
important,3
warm,3
elsewhere,3
saying,3
fit,3
ok,3
visited,3
needed,3
popped,3
idea,3
fun,3
higher,3
particularly,3
late,3
near,3
mouth,3
kinda,3
main,3
overpriced,3
modern,3
seem,3
four,3
customer,3
missing,3
careful,3
renovated,3
newly,3
basically,3
liquor,3
cheap,3
turn,3
standard,3
placed,3
talk,3
forever,3
exactly,3
bowl,3
multiple,3
walked,3
couldn't,3
rush,3
does,3
savory,3
ended,3
bathrooms,3
evening,3
walk,3
noise,3
cause,3
roll,3
expensive,3
tastes,3
funny,3
unfortunately,3
including,3
beware,3
$10,3
heard,3
admit,3
deal,3
efficient,3
bean,3
compare,3
chef,3
seen,3
barely,3
noticed,3
feels,3
either,3
pieces,3
live,3
30,3
atmosphere,3
stomach,3
soak,3
certainly,3
green,3
kick,3
spice,3
second,3
likely,3
cheaper,3
oh,3
leaving,3
eye,3
fine,3
monday,3
beer,3
nearby,3
dessert,3
traditional,3
string,3
deliciously,3
black,3
tuesday,3
loved,3
white,3
sitting,3
taken,3
boston,3
surprising,3
based,3
20,3
veggies,3
gravy,3
typical,3
crabpork,3
slices,3
happened,3
&,3
standing,3
simply,3
miss,3
work,3
guests,3
hungry,3
plenty,3
thursday,3
away,3
couple,3
cool,3
mean,3
rather,3
break,3
peak,3
avoid,3
neighborhood,2
nor,2
issue,2
hardly,2
delightful,2
itself,2
curd,2
product,2
purely,2
tang,2
urge,2
random,2
store,2
excited,2
money,2
flaky,2
door,2
lion,2
plus,2
mostly,2
head,2
pick,2
themselves,2
accepts,2
remain,2
recommendations,2
improved,2
ticket,2
raffle,2
negative,2
blight,2
tsingtao,2
version,2
normal,2
bursting,2
bathroom,2
fish,2
held,2
coworkers,2
lines,2
value,2
brand,2
upon,2
edges,2
dingy,2
dim,2
upgraded,2
dip,2
freshly,2
child,2
opened,2
tonight,2
46,2
missed,2
totally,2
helped,2
alright,2
prefer,2
believe,2
stay,2
preferred,2
thirty,2
dramatic,2
opt,2
yummy,2
attentive,2
mixed,2
literally,2
peanut,2
received,2
dc,2
weight,2
half,2
afraid,2
we've,2
20+,2
item,2
],2
unpleasant,2
week,2
started,2
egg,2
offputting,2
truly,2
appetizer,2
serving,2
smaller,2
photos,2
bringing,2
ago,2
visitors,2
run,2
luckily,2
fluke,2
scalding,2
fat,2
thinner,2
baos,2
somewhat,2
haven't,2
eaten,2
room,2
hearing,2
private,2
square,2
replaced,2
juice,2
fashion,2
noods,2
1010,2
piece,2
months,2
quiet,2
help,2
movie,2
alley,2
hold,2
working,2
hawaii,2
weekday,2
cabbage,2
crunch,2
vacation,2
consider,2
days,2
overrated,2
today,2
turnip,2
describe,2
crunchy,2
towards,2
soft,2
beats,2
outstanding,2
stuffed,2
sadly,2
wow,2
chairs,2
lady,2
local,2
offended,2
worry,2
hang,2
friday,2
what's,2
making,2
memorable,2
possible,2
english,2
spacious,2
absolute,2
xiaolongbaos,2
community,2
straight,2
stuck,2
def,2
glad,2
underwhelming,2
passing,2
kept,2
drinking,2
spill,2
cuz,2
potstickers,2
safe,2
card,2
confusing,2
game,2
fix,2
shanghai's,2
bet,2
queue,2
scene,2
tight,2
cantonese,2
crawl,2
beyond,2
upset,2
servers,2
limited,2
aka,2
utensils,2
simple,2
seeing,2
focus,2
christmas,2
plump,2
burn,2
recent,2
realize,2
dreaming,2
surprise,2
restauranti'm,2
xialongbao,2
relatively,2
band,2
rude,2
wagon,2
read,2
twenty,2
die,2
level,2
none,2
twists,2
broke,2
china,2
tongs,2
man,2
available,2
complaints,2
name,2
pour,2
otherwise,2
depending,2
bf,2
block,2
favorites,2
affordable,2
porkcrab,2
call,2
leftover,2
owned,2
light,2
awesome,2
ho's,2
locations,2
consistent,2
90's,2
12,2
finished,2
percent,2
diners,2
lived,2
tofu,2
bank,2
doesn't,2
jumping,2
paste,2
feet,2
shorter,2
wellnot,2
close,2
u,2
congratulations,2
american,2
california,2
reason,2
walking,2
within,2
beat,2
impressive,2
giant,2
aside,2
given,2
reasonable,2
meant,2
sort,2
disappointing,2
stood,2
moist,2
spoiled,2
$795,2
choice,2
delicate,2
addition,2
40,2
arrive,2
anyway,2
his,2
reservations,2
dumplingsthe,2
research,2
flavour,2
automatic,2
they've,2
tso,2
gotta,2
forget,2
real,2
+,2
older,2
mediocre,2
stellar,2
pricier,2
google,2
opinion,2
staying,2
please,2
split,2
tray,2
middle,2
modest,2
cup,2
lotus,2
eventually,2
chance,2
unorganized,2
ignored,2
stairway,2
mentioned,2
apart,2
organizedlike,2
complained,2
mandatory,2
checks,2
experienced,2
usual,2
confused,2
sell,2
follow,2
wayy,2
vegetarian,2
waiter,2
self,2
entrees,2
fyi,2
explore,2
memories,2
onto,2
knew,2
moving,2
mention,2
basket,2
vegetable,2
dropped,2
doing,2
ignore,2
process,2
waiters,2
approaching,2
contact,2
accident,2
chopstick,2
separate,2
failed,2
won't,2
travel,2
wine,2
lung,2
tiny,2
dried,2
touch,2
rolls,2
per,2
**,2
noodlesthe,2
n,2
meet,1
poor,1
accentuates,1
mushy,1
starchiness,1
poorly,1
balance,1
usthe,1
personality,1
where'd,1
dynamics,1
awkward,1
essentially,1
carefully,1
necessary,1
case,1
leaks,1
month,1
notice,1
waitress,1
overcooked,1
restaurantthe,1
musttry,1
preferably,1
peppy,1
giving,1
step,1
wondering,1
xiaolong,1
improvement,1
needs,1
30+,1
waitlist,1
staffwarning,1
845pm,1
scoop,1
mindful,1
granted,1
matter,1
buds,1
automaticly,1
curb,1
appetite,1
expansive,1
everybody,1
here*forgot,1
steaming,1
930,1
1520,1
fault,1
fewer,1
la,1
cater,1
jam,1
afterwards,1
spin,1
payment,1
elevated,1
mundane,1
waste,1
cooked,1
led,1
agreed,1
app,1
remarkable,1
resist,1
5k+,1
til,1
highlight,1
thoughtful,1
fillingmeat,1
popularon,1
theirs,1
rain,1
minutesnew,1
obviously,1
opens,1
supermarket,1
buy,1
forewarned,1
drizzling,1
mediocrethe,1
withdrew,1
america,1
ran,1
atms,1
staffs,1
paranoid,1
pro,1
seatedorder,1
eightdumplings,1
cashier,1
drops,1
socks,1
stinky,1
bonkers,1
entering,1
111130ish,1
comment,1
lives,1
scrambling,1
dreary,1
mealcash,1
wedges,1
eats,1
downinexpensive,1
chilling,1
stretchy,1
panckaes,1
actual,1
wrappers,1
xao,1
darker,1
meets,1
claustrophobic,1
l,1
thickness,1
prawn,1
pleasantly,1
connection,1
floor,1
quotes,1
sad,1
storefront,1
stacked,1
$5,1
use,1
partially,1
~$89,1
requirementswe,1
damage,1
$50s,1
eg,1
form,1
pair,1
lucky,1
1015,1
xlbswhat,1
unlikely,1
stack,1
record,1
nevertheless,1
pics,1
attached,1
cannot,1
mewhen,1
dine,1
bright,1
areaended,1
imho,1
f2,1
mandarin,1
investment,1
bottom,1
sunk,1
placing,1
proper,1
spilling,1
turns,1
lo,1
juices,1
mein,1
planned,1
putting,1
minutesi,1
memorble,1
consisted,1
quickerthere,1
mood,1
drizzle,1
p,1
theres,1
thinkwhat,1
pleasure,1
diffferent,1
bump,1
noted,1
belly,1
3540,1
tab,1
badwe,1
town,1
insisted,1
getter,1
quits,1
hopefully,1
alot,1
reaaaaallly,1
56pm,1
pricedhowever,1
image,1
begin,1
towners,1
morning,1
february,1
glasses,1
promptly,1
gives,1
wenti'm,1
cab,1
hopped,1
tldr,1
village,1
hmmm,1
touristy,1
stated,1
stores,1
maintain,1
foul,1
creamy,1
deserved,1
forgettable,1
heavenly,1
answer,1
slurp,1
overalli,1
exterior,1
apparently,1
complemented,1
pops,1
competent,1
mild,1
homemade,1
nicely,1
wonderful,1
turntable,1
soaked,1
walls,1
leavethe,1
stages,1
exhausting,1
customary,1
weird,1
twice,1
unacceptable,1
treated,1
wtf,1
everyone's,1
blocks,1
seven,1
owner,1
subway,1
hurry,1
nicethe,1
sucked,1
sucks,1
sayin,1
returning,1
blows,1
doorway,1
betterthe,1
existent,1
630pm,1
wednesday,1
considering,1
$56,1
celebrity,1
theretastethe,1
insideserviceaverage,1
strangersthere's,1
dark,1
cramp,1
interiorone,1
og,1
coke,1
cozy,1
diet,1
household,1
sounded,1
picture,1
4pm,1
closer,1
saltywhen,1
died,1
eight,1
shanghaiwe,1
spun,1
raved,1
eve,1
rotating,1
explain,1
poofed,1
sooooo,1
choose,1
imo,1
sales,1
crabby,1
soso,1
organized,1
regretted,1
overi,1
ain't,1
horrible,1
valuetowncrab,1
goodxlb,1
goodrice,1
bigthe,1
etc,1
doodoo,1
heaven,1
pouches,1
search,1
crowds,1
notch,1
remained,1
spread,1
bone,1
tough,1
bits,1
middlecrispy,1
normaldo,1
pile,1
creating,1
presentation,1
metal,1
tender,1
ample,1
soggy,1
bites,1
itpan,1
puncture,1
sorry,1
gristle,1
surprises,1
beneath,1
coating,1
beginner,1
flavorfultricky,1
flavorfulpork,1
spicycrispy,1
everywhere3,1
pao,1
thereyummieskung,1
70,1
ateast,1
pleasedfirst,1
boy,1
after4,1
drunken,1
drinks,1
evercame,1
pointy,1
using,1
squirt,1
technique,1
sponges,1
adjust,1
[,1
chase,1
provided,1
tend,1
drain,1
taught,1
$1,1
sum,1
25%,1
sets,1
assumption,1
cash[,1
emphasis,1
crispier,1
spilled,1
summed,1
shame,1
dumplingsscallion,1
leakage,1
steamer,1
extraction,1
allowing,1
dough,1
appreciate,1
floppy,1
$16,1
suck,1
babies,1
richnesspork,1
lacking,1
premade,1
inhouse,1
gave,1
it=,1
trick,1
chops,1
nightmare,1
americans,1
stupid,1
laughing,1
counting,1
gallon,1
sodium,1
disgusting,1
wasted,1
solo,1
pissed,1
traps,1
gump,1
bubba,1
minimum,1
establishments,1
requiring,1
orderso,1
with1,1
dumplings1,1
hotsour,1
paired,1
soya,1
delicacies,1
longtime,1
chose,1
summer,1
word,1
gm,1
he's,1
john,1
askalso,1
chickenbonus,1
beef1,1
pancake1,1
soup1,1
fortunate,1
basic,1
spoon2,1
hate,1
tips,1
dream,1
comers1,1
beforeand,1
depth,1
nearly,1
pitied,1
itand,1
droop,1
youthe,1
cant,1
evolved,1
palate,1
janedef,1
dumplingsyuckiesscallion,1
dumplingsmehcrab,1
option,1
offer,1
meatyes,1
beers,1
complimentary,1
nycservice,1
rated,1
gentlemen,1
gf,1
highstill,1
baosi,1
company,1
wayyy,1
springing,1
soooooo,1
lifetimethe,1
hugest,1
sound,1
seasoned,1
ah,1
explosiveness,1
popping,1
accessible,1
hand's,1
xiang,1
restuarant,1
speed,1
patrons,1
browsed,1
cars,1
fear,1
wise,1
notwe,1
upgrade,1
reminisce,1
overwhelming,1
spanking,1
stroll,1
gorgeous,1
nang,1
dainty,1
meals,1
casual,1
menus,1
ipads,1
college,1
year,1
freshman,1
they'll,1
suggest,1
mom,1
met,1
appointment,1
doctor's,1
55,1
adds,1
exaggerating,1
comfy,1
era,1
selling,1
till,1
dont,1
trouble,1
nuances,1
present,1
policy,1
strict,1
character,1
toomake,1
adventure,1
biggest,1
9pm,1
sundays,1
11pm,1
dumplingsthat's,1
js,1
written,1
greens,1
thank,1
goodness,1
shirt,1
overflowing,1
shareable,1
priced,1
exact,1
hunch,1
ver,1
surely,1
chosen,1
inwe,1
mainly,1
reopened,1
brining,1
everybody's,1
juicier,1
benefitted,1
jalapeño,1
trained,1
accommodatingfood,1
nicewe,1
incorrectly,1
traffic,1
volume,1
mistake,1
swing,1
correcting,1
switching,1
problem,1
disappointment,1
paying,1
settled,1
byparty,1
excitedordered,1
occupied,1
11am,1
1130,1
generally,1
raw,1
vegan,1
southwestern,1
freakzoid,1
downgratuity,1
bothered,1
diner,1
forty,1
become,1
body,1
cell,1
tipping,1
tourists',1
wholesomely,1
sourced,1
mysteriously,1
awhile,1
shit,1
talks,1
supermarkets,1
canal,1
cruise,1
fair,1
sign,1
dollar,1
esteemed,1
refreshing,1
spending,1
offerwhen,1
buns,1
hunt,1
coast,1
west,1
house,1
gourmet,1
mom's,1
dayknocking,1
winter,1
substantial,1
classic,1
mix,1
$38,1
itgood,1
let's,1
gladly,1
shortcomings,1
solely,1
forthough,1
shooting,1
setting,1
ideal,1
tends,1
thoughanother,1
includes,1
apple,1
buck,1
bang,1
navigating,1
glory,1
anymore,1
ton,1
quicker,1
urged,1
smelly,1
loud,1
dirty,1
appealing,1
friendsfamily,1
insta@dish_360,1
marki,1
trade,1
pork+bean,1
entreesdishes,1
sizzling,1
coronavirus,1
smelling,1
customerswe,1
happens,1
waitershowever,1
experiencethe,1
aforementioned,1
disappoint,1
chaotic,1
fireinside,1
pointed,1
prove,1
chinatownfor,1
shoe,1
required,1
$1795,1
$1025,1
madness,1
cow,1
holy,1
neverending,1
banks,1
following1,1
chances,1
fordon't,1
requirements,1
prime,1
dang,1
bc,1
banquetstyle,1
gripe,1
exceedingly,1
foods,1
updated,1
oneall,1
nicer*the,1
guys*the,1
teapot,1
class,1
soda,1
itin,1
*tea,1
veggie,1
filling's,1
changed*no,1
momentsome,1
worn,1
feeling,1
tooyou,1
it'll,1
swiftly,1
hoo,1
woo,1
~20,1
extreme,1
tripthankfully,1
win,1
closest,1
staple,1
___________*if,1
keeping,1
thanks,1
highlights,1
attract,1
expand,1
crowdmust,1
incredibly,1
noisy,1
settle,1
complimented,1
neededi,1
vestibule,1
machines,1
understandable,1
receipt,1
impression,1
tablesharing,1
likelihood,1
lesser,1
heavy,1
jajiangmeinwhich,1
sunshine,1
27,1
mid1990's,1
wellseasoned,1
dense,1
skipping,1
language,1
history,1
forward,1
slight,1
pleasant,1
detractors,1
regarding,1
peoplealso,1
adjectives,1
wonder,1
vocabulary,1
it'd,1
sip,1
site,1
consistency,1
nbd,1
cacophony,1
cheapermeaning,1
602,1
idk,1
wrote,1
fasat,1
plentiful,1
xai,1
fortunately,1
sugar,1
she,1
chips,1
cracks,1
pours,1
waterwe,1
greatest,1
stepping,1
yelpers,1
foodies,1
con,1
comic,1
girlfriend,1
definite,1
protein,1
picking,1
tiger,1
anytime,1
frikkin,1
braised,1
grandma,1
fond,1
gelatinous,1
thinnest,1
toothe,1
thistime,1
spinach,1
2pm,1
$800,1
guota,1
tripsoup,1
texturally,1
hostess,1
cuisine,1
addicting,1
crisp,1
line*the,1
tip*that,1
neighborning,1
sidestir,1
dishis,1
other's,1
jalapenocrispy,1
reach,1
desire,1
chat,1
opportunities,1
**very,1
goodstir,1
sensible,1
vege,1
beangeneral,1
chickeneel,1
3255overall,1
stew,1
majority,1
wood,1
defined,1
growing,1
fiber,1
argued,1
$495,1
springy,1
intense,1
hikes,1
pastestir,1
cube,1
heat,1
permanent,1
layer,1
opening,1
tongue,1
lukewarm,1
pepperstir,1
collagen,1
sticking,1
lip,1
fantastic,1
decorative,1
ceilings,1
starchyabout,1
bucks,1
kids,1
exception,1
betterthere,1
adorable,1
toddler,1
lunchchicken,1
jars,1
butter,1
wing,1
buttery,1
breast,1
overheating,1
warmer,1
weather,1
wings,1
pthumbs,1
upmy,1
softnoodle,1
grabbed,1
uswe,1
35,1
person**highly,1
change,1
broccoli,1
guotie,1
steeper,1
reopening,1
grand,1
bucksit's,1
pastrythe,1
relocated,1
paid,1
jumbo,1
warned,1
tastebe,1
gonna,1
goodthe,1
$795scallion,1
doubled,1
quantity,1
cares,1
write,1
among,1
standout,1
garlic,1
massive,1
factor,1
redeeming,1
basis,1
mindblowing,1
seatedbesides,1
expanding,1
grocery,1
bag,1
bulk,1
mimicked,1
eliminate,1
xi,1
aunt,1
stir,1
fry,1
lastly,1
only*tax,1
same*cash,1
difference,1
nothing*,1
pressure,1
renovation,1
somehow,1
lighter,1
fluffiness,1
loyal,1
welp,1
insanely,1
4552,1
pastry,1
knowing,1
crispiness,1
issuei,1
hahawe,1
remains,1
garlicky,1
together,1
tonight's,1
section,1
vegetables,1
falls,1
ruins,1
takeoutoverall,1
dumping,1
leaves,1
pea,1
snow,1
ruin,1
sweetness,1
hint,1
accept,1
meatscarlion,1
pancakesesame,1
kitchensp,1
s,1
increased,1
takeouti,1
canada,1
usa,1
abundance,1
surrounded,1
wall,1
prepare,1
roads,1
bechasw,1
18%,1
3553,1
deceiving,1
ratings,1
sometimes,1
oranges,1
smile,1
regardless,1
similar,1
perceived,1
manhattan's,1
here's,1
variety,1
bill*this,1
*cash,1
ingredients,1
hand,1
leek,1
noticeably,1
wrapper,1
crap,1
deliver,1
confident,1
hectic,1
xiaolongbao's,1
nyc's,1
trapexcited,1
clear,1
steer,1
sunday,1
works,1
chillin,1
necessarily,1
rushed,1
prior,1
issues,1
areawe,1
chill,1
belong,1
cranky,1
overworked,1
$30,1
job,1
serious,1
encounter,1
nicest,1
stops,1
theseshanghai,1
tighthere's,1
uncomfortable,1
germophobe,1
yea,1
treat,1
approximate,1
yellow,1
easier,1
executed,1
hadn't,1
via,1
himi,1
imagine,1
cramped,1
taller,1
buddies,1
swear,1
2030,1
debit,1
loaded,1
sober,1
needless,1
spend,1
color,1
bile,1
clothes,1
thosethe,1
ours,1
dayi,1
healthiest,1
triedwhen,1
supposed,1
quarantine,1
dish_360,1
crew,1
rabies,1
sandwiches,1
pastrami,1
slings,1
katz's,1
insta@,1
liquid,1
victim,1
3755one,1
earlier,1
prob,1
odd,1
smack,1
intimidating,1
wherever,1
methe,1
downhill,1
workers,1
fancier,1
plopped,1
snack,1
happier,1
foot,1
uber,1
taxi,1
arriving,1
overpowered,1
expecting,1
900,1
curt,1
unwelcomingas,1
browsing,1
diving,1
fits,1
sizes,1
quest,1
24,1
offerings,1
extensive,1
noting,1
learned,1
fatty,1
says,1
whenever,1
losing,1
breaking,1
prevent,1
face,1
draineddrank,1
throughout,1
accommodating,1
juiciest,1
dumplingsexpect,1
longer,1
unresponsive,1
itcame,1
tired,1
inquired,1
pizza,1
renowned,1
valley,1
gabriel,1
san,1
land,1
bookmarked,1
100%,1
aware,1
though*be,1
xialongbaos,1
personally,1
thankfully,1
lack,1
spacei,1
behind,1
charm,1
certain,1
glass,1
placepersonally,1
yeah,1
pass,1
nonasians,1
difficult,1
par,1
someone's,1
wellstaffed,1
requestl,1
motivated,1
badservice,1
runofthemill,1
boys,1
upped,1
member,1
guides,1
opted,1
struggling,1
cafeterialike,1
doling,1
longstanding,1
strange,1
staring,1
sentiment,1
vibe,1
fishy,1
favor,1
ohhhhh,1
moreover,1
watched,1
inverse,1
crime,1
relationship,1
echoed,1
familystyle,1
$275,1
catch,1
$8,1
cashonly,1
preferenceaftermath,1
twoservers,1
colder,1
lolbut,1
spices,1
dull,1
social,1
shortly,1
grace,1
saving,1
balanced,1
greasy,1
living,1
ridiculously,1
‍,1
pastehot,1
entered,1
googled,1
honest,1
haha,1
freezing,1
cakesfinally,1
couldcame,1
bonus,1
shanghainesestyle,1
1pm,1
save,1
anywhere,1
serves,1
~1520min,1
wellflavored,1
semidense,1
clothlike,1
bothhhh,1
restaurantswhat,1
competitors,1
low,1
intimately,1
offpeak,1
3pm,1
pot,1
dishonest,1
scam,1
yearsis,1
sacrilege,1
morphed,1
chilli,1
jar,1
passable,1
distance,1
salted,1
completely,1
breaker,1
surface,1
attempt,1
sold,1
beloved,1
policies,1
7pm,1
courses,1
singapore,1
previous,1
locked,1
we'd,1
terrifying,1
glance,1
sits,1
closedthis,1
managed,1
sorts,1
gorging,1
show,1
bay,1
date,1
reviewswith,1
1015k,1
shocked,1
prevalent,1
smoking,1
weed,1
young,1
system,1
appetizers,1
sewage,1
odors,1
orleansesque,1
aromas,1
star,1
entire,1
90%,1
playing,1
presume,1
threatenedwhile,1
vodka,1
bottle,1
figured,1
singing,1
games,1
filmed,1
driveby,1
**cash,1
chow,1
nowhere,1
hyped,1
pop,1
airy,1
soupjuice,1
crunched,1
mixture,1
shell,1
stingy,1
costs,1
sooo,1
fell,1
heaventhey,1
thinking,1
critical,1
tho,1
entrance,1
topped,1
napa,1
streets,1
helping,1
scenes,1
yesterday,1
watching,1
mei,1
hidden,1
bomb,1
cleanliness,1
desk,1
spouts,1
advertised,1
park,1
picnic,1
togo,1
returned,1
closing,1
hr,1
score,1
